term,count,levels
almirante,1,0
armada,1,0
infanteria,1,0
ejercito,1,0
cadete,1,0
fuerzas,1,0
armadas,1,0
corbeta,1,0
fragata,1,0
batallon,1,0
brigada,1,0
contralmirante,1,0
guardiamarina,1,0
militares,1,0
vicealmirante,1,0
tercero,1,0
comando,1,0
subjefe,1,0
alumno,1,0
bombardero,1,0
infante,1,0
regular,1,0
soldado,1,0
campesino,1,0
recluta,1,0
alcalde,1,1
canciller,1,1
concejal,1,1
congresista,1,1
diputado,1,1
edil,1,1
gobernador,1,1
legislador,1,1
miembro,1,1
gobiernos,1,1
locales,1,1
asamblea,1,1
legislativa,1,1
consejo,1,1
exteriores,1,1
republica,1,1
senador,1,1
viceministro,1,1
vicepresidente,1,1
comisionado,1,1
consul,1,1
nacion,1,1
gubernamentales,1,1
ministerio,1,1
cancilleria,1,1
intergubernamental,1,1
embajador,1,1
directivo,1,1
personero,1,1
subsecretario,1,1
vicecontralor,1,1
indigena,1,1
etnia,1,1
defensor,1,1
asociacion,1,1
partido,1,1
membrecia,1,1
voluntariado,1,1
empleadores,1,1
humanitaria,1,1
membresia,1,1
dirigente,1,1
sindical,1,1
cientifica,1,1
gremial,1,1
sindicato,1,1
comercios,1,1
manufactureras,1,1
penitenciaria,1,1
constructora,1,1
fiduciaria,1,1
corporativa,1,1
organizaciones,1,1
vicerrector,1,1
firma,1,1
estadisticos,1,1
subgerente,1,1
pagador,1,1
intermediacion,1,1
portafolio,1,1
tarjeta,1,1
bancarias,1,1
corporacion,1,1
hipotecario,1,1
bancaria,1,1
compensacion,1,1
locativo,1,1
corporativos,1,1
subdirector,1,1
operacional,1,1
maritimos,1,1
aduaneras,1,1
vocero,1,1
consultoria,1,1
industrias,1,1
cosmeticas,1,1
farmaceuticas,1,1
silvicola,1,1
arrastrero,1,1
integrada,1,1
procesamieno,1,1
demoliciones,1,1
sociedad,1,1
sucursal,1,1
encomienda,1,1
postales,1,1
buses,1,1
fletes,1,1
division,1,1
embarques,1,1
inversa,1,1
terminal,1,1
bodegaje,1,1
logisticas,1,1
terminales,1,1
supply,1,1
chain,1,1
head,1,1
programadora,1,1
prestadora,1,1
residencia,1,1
geriatrica,1,1
albergue,1,1
complejo,1,1
jubilados,1,1
detencion,1,1
correccionales,1,1
nucleo,1,1
decano,1,1
facultad,1,1
postgrados,1,1
cinemateca,1,1
penitenciarios,1,1
correctivos,1,1
motel,1,1
pension,1,1
hostal,1,1
posadero,1,1
anticuarista,1,1
antiguedades,1,1
galerista,1,1
concesionario,1,1
libreria,1,1
descuento,1,1
marchante,1,1
prendero,1,1
fonografico,1,1
vacacional,1,1
recreativas,1,1
esparcimiento,1,1
casino,1,1
pool,1,1
condominio,1,1
copropiedad,1,1
camping,1,1
autocaravanas,1,1
contactos,1,1
astrofisico,1,2
astronomo,1,2
balistico,1,2
aerodinamica,1,2
atmosferico,1,2
magnetismo,1,2
estatica,1,2
reologia,1,2
termodinamica,1,2
teorica,1,2
experimental,1,2
molecular,1,2
hidrodinamico,1,2
radioastronomo,1,2
reologista,1,2
reologo,1,2
termodinamicista,1,2
climatologo,1,2
hidrometeorologo,1,2
pronosticador,1,2
desarrollador,1,2
analitico,1,2
electroquimico,1,2
quimiometria,1,2
analitica,1,2
computacional,1,2
cristalografo,1,2
polimeros,1,2
inorganico,1,2
organico,1,2
toxicologico,1,2
estratigrafista,1,2
estratigrafo,1,2
geocientifico,1,2
geomagnetismo,1,2
geomorfologia,1,2
magneticos,1,2
sismologia,1,2
vulcanologia,1,2
geohidrologo,1,2
micropaleontologia,1,2
paleontologia,1,2
estratigrafia,1,2
geomagneticista,1,2
geomagnetista,1,2
geomorfologo,1,2
geoquimico,1,2
geotecnologo,1,2
glaciologo,1,2
hidrogeologo,1,2
hidrologo,1,2
hidrometrista,1,2
micropaleontologo,1,2
mineralogista,1,2
paleontologo,1,2
petrologo,1,2
sismologo,1,2
vulcanologo,1,2
gemologo,1,2
gemas,1,2
especimenes,1,2
gemologico,1,2
biogenicas,1,2
compuestos,1,2
gemologicos,1,2
graduador,1,2
oceanografico,1,2
oceanologo,1,2
oceanografo,1,2
actuario,1,2
bioestadistico,1,2
biometrista,1,2
demografo,1,2
estadigrafo,1,2
biometria,1,2
demografia,1,2
economia,1,2
encuestas,1,2
operativa,1,2
matematica,1,2
pura,1,2
estadista,1,2
agrobiotecnologo,1,2
anatomista,1,2
asociado,1,2
bacteriologo,1,2
bioanalista,1,2
biofisico,1,2
biologo,1,2
hidrobiologia,1,2
bioquimico,1,2
biotecnologo,1,2
botanico,1,2
taxonomia,1,2
citologo,1,2
embriologo,1,2
entomologo,1,2
epidemiologo,1,2
conducta,1,2
etologo,1,2
farmacologo,1,2
fisiologo,1,2
endocrinologia,1,2
epidemiologia,1,2
neurologia,1,2
fitopatologo,1,2
genetista,1,2
helmintologo,1,2
herpetologo,1,2
hidrobiologo,1,2
histologo,1,2
ictiologo,1,2
genetico,1,2
inmunologo,1,2
biomedico,1,2
lepidopterologo,1,2
mamalogista,1,2
mastozoologo,1,2
micologo,1,2
microbiologo,1,2
ornitologo,1,2
parasitologo,1,2
patologo,1,2
taxonomista,1,2
toxicologo,1,2
virologo,1,2
zoologo,1,2
agrologo,1,2
edafologia,1,2
horticola,1,2
edafologo,1,2
riegos,1,2
comportamiento,1,2
pomologo,1,2
transferidor,1,2
ganaderas,1,2
arborista,1,2
dasonomo,1,2
bosque,1,2
silvicultor,1,2
agroecologica,1,2
extensionista,1,2
ambientalista,1,2
degradacion,1,2
hidricos,1,2
modelizacion,1,2
salinidad,1,2
conservacionista,1,2
ecologico,1,2
captacion,1,2
ecologista,1,2
ecologo,1,2
cursos,1,2
cuencas,1,2
hidrograficas,1,2
flora,1,2
fauna,1,2
vegetacion,1,2
medioambientales,1,2
responsabilidad,1,2
sostenibilidad,1,2
revegetacion,1,2
guardaparques,1,2
interventor,1,2
limnologo,1,2
medioambiental,1,2
embalaje,1,2
mejoramiento,1,2
productividad,1,2
ergonomia,1,2
geotecnico,1,2
geotecnista,1,2
aeropuertos,1,2
tuneles,1,2
portuarias,1,2
urbanismo,1,2
puertos,1,2
estructura,1,2
acueductos,1,2
impacto,1,2
energetica,1,2
remediacion,1,2
criogenico,1,2
matriceria,1,2
cientificos,1,2
energeticos,1,2
mecatronico,1,2
navales,1,2
enologo,1,2
vino,1,2
combustibles,1,2
carburantes,1,2
colores,1,2
pinturas,1,2
bioquimicos,1,2
polimero,1,2
extractivo,1,2
aurifera,1,2
aluvial,1,2
metalurgica,1,2
ceramicas,1,2
bioingeniero,1,2
biotecnologia,1,2
costo,1,2
voltaje,1,2
tendidos,1,2
confiabilidad,1,2
firmware,1,2
embebidos,1,2
electromecatronica,1,2
senal,1,2
sonoro,1,2
postproductor,1,2
edificador,1,2
urbanista,1,2
creativo,1,2
concepto,1,2
embalajes,1,2
estrategico,1,2
moda,1,2
estilismo,1,2
indumentaria,1,2
vestido,1,2
culinarios,1,2
gastronomicos,1,2
exhibiciones,1,2
efimeras,1,2
funcionales,1,2
puestos,1,2
contextos,1,2
tendencias,1,2
planes,1,2
estrategicos,1,2
iniciativas,1,2
portafolios,1,2
propuestas,1,2
experiencias,1,2
alimentarios,1,2
pilares,1,2
luminico,1,2
arquitectonica,1,2
arquitectonicas,1,2
paisajistica,1,2
ciudad,1,2
aerofotografo,1,2
disenos,1,2
geodesta,1,2
hidrografo,1,2
geografo,1,2
fotogrametrico,1,2
comunicador,1,2
afiche,1,2
branding,1,2
elementos,1,2
cubiertas,1,2
etiquetas,1,2
identidad,1,2
narrativas,1,2
storyteller,1,2
impresas,1,2
senalizacion,1,2
pictogramas,1,2
heraldico,1,2
tipografico,1,2
visualizador,1,2
datavis,1,2
multimedia,1,2
contenido,1,2
moviles,1,2
interactivos,1,2
experiencia,1,2
creacion,1,2
estrategias,1,2
htlm,1,2
hypertext,1,2
markup,1,2
language,1,2
interaccion,1,2
interfaces,1,2
mediaciones,1,2
didacticas,1,2
interfases,1,2
interacciones,1,2
videojuegos,1,2
visualizacion,1,2
tridimensional,1,2
interactivo,1,2
interfaz,1,2
doctor,1,2
distrito,1,2
adjunto,1,2
cabecera,1,2
especializandose,1,2
pasante,1,2
alergista,1,2
anestesiologo,1,2
anestesista,1,2
cardiologo,1,2
intervencionista,1,2
cirujano,1,2
cardiotoracico,1,2
cardiologia,1,2
plastica,1,2
neurocirugia,1,2
osteopatico,1,2
toracico,1,2
vascular,1,2
dermatologo,1,2
diabetologo,1,2
anestesiologia,1,2
dermatologia,1,2
ginecologia,1,2
especializada,1,2
otolaringologia,1,2
otorrinolaringologia,1,2
pediatria,1,2
endocrinologo,1,2
preventiva,1,2
fisiatra,1,2
gastroenterologo,1,2
geriatra,1,2
gerontologo,1,2
ginecobstetra,1,2
ginecologo,1,2
hematologo,1,2
hematoncologo,1,2
histopatologo,1,2
infectologo,1,2
internista,1,2
laringologo,1,2
osteopatia,1,2
deportologo,1,2
ginecobstetricia,1,2
neumologia,1,2
oncologia,1,2
anestesia,1,2
gastroenterologia,1,2
geriatria,1,2
nefrologo,1,2
neonatologo,1,2
neumologo,1,2
neurocirujano,1,2
neurofisiologo,1,2
neurologo,1,2
neuropatologo,1,2
obstetra,1,2
oftalmologo,1,2
oncologo,1,2
ortopedista,1,2
traumatologo,1,2
otologo,1,2
otorrinolaringologo,1,2
quirurgico,1,2
pediatra,1,2
psiquiatra,1,2
reumatologo,1,2
rinologo,1,2
urologo,1,2
neonatal,1,2
paliativos,1,2
nefrologia,1,2
quirofano,1,2
reproductiva,1,2
materno,1,2
perinatal,1,2
ortopedica,1,2
registrado,1,2
acupunturista,1,2
china,1,2
naturopatia,1,2
hipnoterapeuta,1,2
homeopata,1,2
naturopata,1,2
neuralterapeutico,1,2
chino,1,2
unani,1,2
ayuverdico,1,2
herbolaria,1,2
herbal,1,2
reikista,1,2
alternativo,1,2
bionergetico,1,2
reiki,1,2
feldscher,1,2
primarias,1,2
avanzado,1,2
cesarea,1,2
instrumentador,1,2
quirurgica,1,2
maxilofacial,1,2
dentista,1,2
endodoncista,1,2
estomatologo,1,2
implantologo,1,2
odontologo,1,2
prostodoncista,1,2
ortodoncista,1,2
pedodoncista,1,2
periodoncista,1,2
boticario,1,2
farmacos,1,2
galenico,1,2
farmaceuta,1,2
hospitalario,1,2
regulatorios,1,2
radiologica,1,2
ocupacionales,1,2
ergonomista,1,2
salubrista,1,2
ergoterapeuta,1,2
fisioterapeuta,1,2
pediatrico,1,2
fisioterapista,1,2
kinesiologo,1,2
kinesioterapeuta,1,2
saludable,1,2
nutricionista,1,2
deportivas,1,2
audiologo,1,2
vestibular,1,2
audiometrista,1,2
audiologia,1,2
fonoaudiologo,1,2
critico,1,2
foniatria,1,2
miofuncional,1,2
disfagia,1,2
logopeda,1,2
ortofonista,1,2
oculista,1,2
optometra,1,2
ortoptica,1,2
ortoptista,1,2
optometrista,1,2
contactologo,1,2
ocular,1,2
segmento,1,2
musicoterapeuta,1,2
terapista,1,2
respiratorio,1,2
cardiorrespiratorio,1,2
intensivo,1,2
correctivo,1,2
orientacion,1,2
ciegos,1,2
drama,1,2
poesia,1,2
recreacional,1,2
recreativo,1,2
quiropractico,1,2
osteopata,1,2
quiropodista,1,2
universitaria,1,2
profesor,1,2
teoricas,1,2
agronomia,1,2
antropologia,1,2
arqueologia,1,2
dramatico,1,2
bellas,1,2
agronomicas,1,2
religiosas,1,2
contaduria,1,2
agrupaciones,1,2
escultura,1,2
filologia,1,2
filosofia,1,2
humanidades,1,2
idiomas,1,2
lenguas,1,2
modernas,1,2
literatura,1,2
linguistica,1,2
matematicas,1,2
museologia,1,2
musicoterapia,1,2
optometria,1,2
psicologia,1,2
sociologia,1,2
teclados,1,2
memoria,1,2
pedagogia,1,2
titular,1,2
tutor,1,2
etnoeducador,1,2
agroindustria,1,2
country,1,2
ruso,1,2
artesanias,1,2
bordados,1,2
cesteria,1,2
cosmetologia,1,2
vocacional,1,2
etiqueta,1,2
glamour,1,2
pedagogica,1,2
competencias,1,2
hoteleria,1,2
instituto,1,2
munequeria,1,2
peluqueria,1,2
secretariado,1,2
supervivencia,1,2
vitraleria,1,2
emprendimiento,1,2
complementaria,1,2
forrajes,1,2
bioseguridad,1,2
cooperativismo,1,2
postres,1,2
ceramicos,1,2
etica,1,2
formulacion,1,2
bovina,1,2
granjas,1,2
integrales,1,2
casera,1,2
jaws,1,2
acceso,1,2
bachillerato,1,2
espanol,1,2
ingles,1,2
religion,1,2
preprimaria,1,2
pedagogico,1,2
educativos,1,2
curriculo,1,2
ayudas,1,2
pedagogicas,1,2
didactico,1,2
didacticos,1,2
pedagogicos,1,2
escuelas,1,2
mentalmente,1,2
sordomudos,1,2
senas,1,2
discapacitadas,1,2
signos,1,2
auditivos,1,2
mentales,1,2
talentosos,1,2
ciegas,1,2
mudas,1,2
sordas,1,2
necesidades,1,2
educativas,1,2
mudos,1,2
sordos,1,2
inclusiva,1,2
alumnos,1,2
dificultades,1,2
problemas,1,2
deficiencias,1,2
pedagogo,1,2
reeducador,1,2
lengua,1,2
idioma,1,2
intensiva,1,2
inmigrantes,1,2
extranjera,1,2
migrantes,1,2
clases,1,2
particulares,1,2
vocal,1,2
canto,1,2
guitarra,1,2
violin,1,2
arpa,1,2
frotadas,1,2
virtuales,1,2
aula,1,2
pulsadas,1,2
informal,1,2
bandas,1,2
academias,1,2
coros,1,2
urbanas,1,2
orquesta,1,2
iniciacion,1,2
flautas,1,2
tambores,1,2
violines,1,2
caucanos,1,2
trova,1,2
parranda,1,2
region,1,2
noroccidente,1,2
colombia,1,2
islas,1,2
torbellino,1,2
andina,1,2
nororiente,1,2
llanos,1,2
marimba,1,2
pacifico,1,2
pitos,1,2
costa,1,2
norte,1,2
rajalena,1,2
cucamba,1,2
trapecio,1,2
amazonico,1,2
formador,1,2
actores,1,2
infantiles,1,2
combate,1,2
teleinformatica,1,2
virtualizacion,1,2
estudiantes,1,2
debates,1,2
alfabetizacion,1,2
formal,1,2
aritmetica,1,2
caligrafia,1,2
elocucion,1,2
cesionario,1,2
insolvencia,1,2
quiebra,1,2
fideicomisario,1,2
fiduciario,1,2
cumplimiento,1,2
sarlaft,1,2
activos,1,2
terrorismo,1,2
sagrlaft,1,2
autocontrol,1,2
deuda,1,2
jubilacion,1,2
institucional,1,2
pyme,1,2
mediana,1,2
asesoramiento,1,2
fiduciarios,1,2
renta,1,2
clima,1,2
procedimientos,1,2
facilitador,1,2
prospectiva,1,2
privatizacion,1,2
estructurado,1,2
estrategia,1,2
inteligencia,1,2
censurador,1,2
parlamentaria,1,2
empleos,1,2
conciliador,1,2
cazatalentos,1,2
recolocacion,1,2
desempeno,1,2
autor,1,2
publicista,1,2
publicitaria,1,2
estratega,1,2
mercadotecnista,1,2
research,1,2
analysts,1,2
mercadologo,1,2
literarios,1,2
chief,1,2
content,1,2
officer,1,2
community,1,2
cool,1,2
hunter,1,2
influencer,1,2
influenciador,1,2
strategist,1,2
youtuber,1,2
ordenadores,1,2
interinstitucionales,1,2
cabildero,1,2
escritor,1,2
enlace,1,2
relacionista,1,2
transferencista,1,2
proveedores,1,2
empresariales,1,2
power,1,2
especificador,1,2
analyst,1,2
requerimientos,1,2
tecnologico,1,2
senior,1,2
creador,1,2
computacionales,1,2
funcional,1,2
computable,1,2
sitios,1,2
dhtml,1,2
dynamic,1,2
html,1,2
adobe,1,2
flash,1,2
videojuego,1,2
full,1,2
stack,1,2
stock,1,2
animaciones,1,2
operativos,1,2
tester,1,2
despliegue,1,2
lanzamiento,1,2
bases,1,2
extendida,1,2
nube,1,2
unix,1,2
plataforma,1,2
servidor,1,2
acusador,1,2
civilista,1,2
laboralista,1,2
litigante,1,2
penal,1,2
criminologia,1,2
penalista,1,2
jurisconsulto,1,2
jurista,1,2
licenciado,1,2
socio,1,2
justicia,1,2
suprema,1,2
jurisdiccion,1,2
ordinaria,1,2
magistrado,1,2
supremo,1,2
apelaciones,1,2
instruccion,1,2
notario,1,2
expedientes,1,2
archivero,1,2
historicos,1,2
archivista,1,2
acuarios,1,2
etnografia,1,2
geografia,1,2
historia,1,2
botanicos,1,2
repertorio,1,2
catalogador,1,2
museografo,1,2
museologo,1,2
colecciones,1,2
conservador,1,2
bibliografico,1,2
reforzamiento,1,2
patrimoniales,1,2
bibliografo,1,2
cataloguista,1,2
codicologo,1,2
catalogacion,1,2
fonotecario,1,2
documentalista,1,2
preservacion,1,2
bibliotecologia,1,2
bibliotecarias,1,2
bibliotecaria,1,2
econometrista,1,2
economista,1,2
econometria,1,2
macroeconomista,1,2
antropologo,1,2
arqueologo,1,2
criminalista,1,2
criminologo,1,2
etnografo,1,2
etnologo,1,2
paleografo,1,2
sigilografo,1,2
sociologo,1,2
esteta,1,2
filosofo,1,2
futurologo,1,2
genealogista,1,2
historiador,1,2
politologo,1,2
neuropsicologo,1,2
psicoanalista,1,2
psicologo,1,2
experimentos,1,2
psicometrista,1,2
psicoterapeuta,1,2
psicologico,1,2
libertad,1,2
condicional,1,2
indigenas,1,2
duelo,1,2
victimas,1,2
agresion,1,2
adicciones,1,2
asalto,1,2
adiccion,1,2
matrimonial,1,2
probatoria,1,2
probatorio,1,2
mujer,1,2
vigilada,1,2
psicoeducador,1,2
sexo,1,2
matrimonio,1,2
psicosocial,1,2
psiquiatrico,1,2
trabajadora,1,2
internado,1,2
tutora,1,2
fundraising,1,2
alianzas,1,2
estrategicas,1,2
fundraiser,1,2
abad,1,2
abadesa,1,2
arcediano,1,2
arcipreste,1,2
arzobispo,1,2
bonzo,1,2
sacerdote,1,2
budista,1,2
canonico,1,2
capellan,1,2
cardenal,1,2
coadjutor,1,2
cura,1,2
diacono,1,2
hafiz,1,2
imam,1,2
espiritual,1,2
islamico,1,2
iman,1,2
khatib,1,2
islam,1,2
superiora,1,2
maulana,1,2
musulman,1,2
confesion,1,2
religiosa,1,2
misionero,1,2
monsenor,1,2
mufti,1,2
mullah,1,2
obispo,1,2
parroco,1,2
evangelizante,1,2
protestante,1,2
presbitero,1,2
prior,1,2
pujari,1,2
hindu,1,2
qari,1,2
rabino,1,2
talapoin,1,2
birmano,1,2
teologo,1,2
vicario,1,2
argumentista,1,2
dialogos,1,2
acentos,1,2
biografo,1,2
cabeza,1,2
escritores,1,2
copy,1,2
copia,1,2
dialoguista,1,2
dramaturgo,1,2
correccion,1,2
dialogo,1,2
ensayista,1,2
cancion,1,2
cuento,1,2
discursos,1,2
ficcion,1,2
libretos,1,2
novelas,1,2
lirico,1,2
guionista,1,2
transmedia,1,2
indexador,1,2
indizador,1,2
libretistas,1,2
libretista,1,2
literato,1,2
novelista,1,2
poeta,1,2
scrip,1,2
doctors,1,2
world,1,2
builder,1,2
adaptador,1,2
podcast,1,2
plataformas,1,2
booktuber,1,2
columnista,1,2
comentarista,1,2
actualidad,1,2
improvisado,1,2
cronista,1,2
periodista,1,2
crimenes,1,2
expandido,1,2
presentador,1,2
noticiero,1,2
periodistico,1,2
storyhunter,1,2
blogger,1,2
estilo,1,2
cronicas,1,2
periodicas,1,2
extranjero,1,2
editorialista,1,2
blogs,1,2
redaccion,1,2
citadino,1,2
informativos,1,2
subeditor,1,2
scout,1,2
diccionario,1,2
etimologista,1,2
filologo,1,2
fonetica,1,2
grafologia,1,2
morfologia,1,2
fonologo,1,2
grafologo,1,2
lexicografo,1,2
linguista,1,2
morfologista,1,2
semasiologo,1,2
subtitulador,1,2
terminologista,1,2
traductor,1,2
simultaneo,1,2
romani,1,2
criollas,1,2
palenque,1,2
raizal,1,2
colombianas,1,2
sordociegos,1,2
sordo,1,2
acuarelista,1,2
muralista,1,2
miniaturas,1,2
caricaturista,1,2
comico,1,2
historietista,1,2
historietas,1,2
grafitero,1,2
humorista,1,2
acordeonista,1,2
arpista,1,2
bajista,1,2
baritono,1,2
buffo,1,2
bajonista,1,2
baritenor,1,2
baterista,1,2
campanero,1,2
cantante,1,2
contralto,1,2
coral,1,2
cabaret,1,2
concierto,1,2
jingles,1,2
popular,1,2
clasica,1,2
organista,1,2
vocalista,1,2
clarinetista,1,2
concertista,1,2
contratenor,1,2
cornetista,1,2
fagotista,1,2
flautista,1,2
gaitero,1,2
guitarrista,1,2
instrumento,1,2
teclado,1,2
mezzosoprano,1,2
sesion,1,2
sinfonico,1,2
oboista,1,2
percusionista,1,2
pianista,1,2
proponente,1,2
saxofonista,1,2
solista,1,2
soprano,1,2
tenor,1,2
timbalero,1,2
trombonista,1,2
trompetista,1,2
violinista,1,2
violonchelista,1,2
agrupacion,1,2
etnomusicologo,1,2
folclorista,1,2
capilla,1,2
musicologo,1,2
discografico,1,2
arreglista,1,2
letrista,1,2
musicalizador,1,2
orquestador,1,2
beat,1,2
maker,1,2
cantador,1,2
vaqueria,1,2
cantaora,1,2
cantautor,1,2
copista,1,2
coplero,1,2
corista,1,2
decimero,1,2
ejecutante,1,2
improvisador,1,2
jinglero,1,2
repentista,1,2
trovador,1,2
bailarin,1,2
coreografo,1,2
coreografia,1,2
clasico,1,2
danzas,1,2
clasicas,1,2
striptease,1,2
coreografico,1,2
bailes,1,2
populares,1,2
coro,1,2
contemporanea,1,2
mundo,1,2
folcloricas,1,2
ritmos,1,2
folcloricos,1,2
exotico,1,2
folclorico,1,2
street,1,2
dancer,1,2
folclor,1,2
cinematografo,1,2
coproductor,1,2
muestra,1,2
flujos,1,2
posproduccion,1,2
ambientes,1,2
productores,1,2
delegados,1,2
documentales,1,2
entregables,1,2
series,1,2
telenovelas,1,2
showrunner,1,2
locaciones,1,2
clearence,1,2
locacionista,1,2
scouter,1,2
conceptual,1,2
backoffice,1,2
territorial,1,2
pufa,1,2
filmaciones,1,2
soportes,1,2
directo,1,2
autopromos,1,2
supervision,1,2
videografo,1,2
actor,1,2
activacion,1,2
fondo,1,2
inanimados,1,2
pantomima,1,2
performance,1,2
radionovelas,1,2
convencionales,1,2
titeres,1,2
marionetas,1,2
gestual,1,2
mimoclown,1,2
actriz,1,2
caracterizacion,1,2
voces,1,2
cuentacuentos,1,2
cuentero,1,2
cuentista,1,2
daredevil,1,2
declamador,1,2
mimo,1,2
narrador,1,2
voice,1,2
over,1,2
entrevistas,1,2
anunciador,1,2
locutor,1,2
ceremonias,1,2
radiodifusor,1,2
acrobata,1,2
aros,1,2
chinos,1,2
rusa,1,2
elastica,1,2
columpio,1,2
ikaros,1,2
mastil,1,2
portor,1,2
koreano,1,2
aerealista,1,2
amaestrador,1,2
fieras,1,2
antipodista,1,2
capilar,1,2
burbujas,1,2
alturas,1,2
globo,1,2
muerte,1,2
hula,1,2
hoop,1,2
floja,1,2
latigo,1,2
pendulo,1,2
variedades,1,2
circenses,1,2
extreme,1,2
rueda,1,2
bastonera,1,2
comediante,1,2
conjurador,1,2
contorsionista,1,2
equilibrista,1,2
blondin,1,2
bola,1,2
escalera,1,2
monociclo,1,2
rulo,1,2
bastones,1,2
percha,1,2
zancos,1,2
rebote,1,2
escapista,1,2
faquir,1,2
globoflexor,1,2
hipnotizador,1,2
bala,1,2
ilusionista,1,2
imitador,1,2
lanza,1,2
traga,1,2
lanzador,1,2
mago,1,2
malabarista,1,2
baston,1,2
cigar,1,2
boxes,1,2
clavas,1,2
contac,1,2
cubo,1,2
devil,1,2
stick,1,2
diabolos,1,2
isolation,1,2
jarrones,1,2
panuelos,1,2
swing,1,2
marionetista,1,2
payaso,1,2
prestidigitador,1,2
saltimbanqui,1,2
titiritero,1,2
tragasable,1,2
trapecista,1,2
ventrilocuo,1,2
materias,1,3
primas,1,3
quimicas,1,3
oceanografia,1,3
meteorologico,1,3
meteorologica,1,3
climatologico,1,3
metrologia,1,3
metrologo,1,3
ensayo,1,3
metrologico,1,3
calibraciones,1,3
mediciones,1,3
actas,1,3
parametros,1,3
estimador,1,3
geotecnica,1,3
construido,1,3
hidrografico,1,3
capataz,1,3
topotrocha,1,3
fotogeometria,1,3
electrotecnico,1,3
electrotecnia,1,3
casablanca,1,3
microinformaticos,1,3
biomedica,1,3
biomedicos,1,3
tasador,1,3
acidificador,1,3
desincrustador,1,3
fundido,1,3
subterraneo,1,3
dureza,1,3
sismico,1,3
acidificacion,1,3
fluidos,1,3
extractiva,1,3
mineralogia,1,3
petrologia,1,3
tratador,1,3
harvesting,1,3
colector,1,3
artefinalista,1,3
delineante,1,3
ilustraciones,1,3
herramienta,1,3
diagramador,1,3
finalista,1,3
autocad,1,3
imagenes,1,3
graficador,1,3
computarizadas,1,3
renderizador,1,3
curtiembre,1,3
curtimbres,1,3
accidentes,1,3
destructivas,1,3
radiografo,1,3
vibracion,1,3
cantidades,1,3
cuantificacion,1,3
ultrasonica,1,3
verificador,1,3
ultrasonido,1,3
planeamiento,1,3
turno,1,3
coquizacion,1,3
molinos,1,3
mineros,1,3
patios,1,3
suplente,1,3
cuadrilla,1,3
licuado,1,3
roceria,1,3
oleoductos,1,3
empacadores,1,3
barcadilla,1,3
procesados,1,3
congelacion,1,3
operarios,1,3
panificacion,1,3
envase,1,3
calandrado,1,3
mezclas,1,3
recuperados,1,3
supervisores,1,3
chasis,1,3
especificaciones,1,3
dique,1,3
ajustadores,1,3
altos,1,3
caldereros,1,3
liviana,1,3
galvanizado,1,3
herreros,1,3
forjadores,1,3
instaladores,1,3
electricistas,1,3
modelistas,1,3
matriceros,1,3
operadores,1,3
ornamentistas,1,3
soldadores,1,3
trabajadores,1,3
troquelistas,1,3
controles,1,3
tablero,1,3
circuito,1,3
impreso,1,3
purificadora,1,3
medidor,1,3
ebanistas,1,3
afines,1,3
automatizada,1,3
emplazamiento,1,3
interventoria,1,3
pavimentacion,1,3
plomeros,1,3
inspecciones,1,3
generadora,1,3
reactor,1,3
mareomotriz,1,3
eolica,1,3
geotermica,1,3
solar,1,3
bocatoma,1,3
embalse,1,3
servidas,1,3
represa,1,3
tanque,1,3
decantacion,1,3
sedimentacion,1,3
ptap,1,3
ptar,1,3
lodos,1,3
particulado,1,3
desencarpe,1,3
disposicion,1,3
evacuacion,1,3
lixiviados,1,3
crematorio,1,3
eliminacion,1,3
incinerador,1,3
vaso,1,3
incineracion,1,3
paisajismo,1,3
relleno,1,3
cremacion,1,3
termofusion,1,3
impermeabilizacion,1,3
compresorista,1,3
compresor,1,3
congelador,1,3
sustancias,1,3
relacionados,1,3
separadora,1,3
destileria,1,3
desulfurizadora,1,3
parafina,1,3
desulfuramiento,1,3
regasificacion,1,3
propano,1,3
convertidor,1,3
martin,1,3
siemens,1,3
procedimiento,1,3
bessemer,1,3
cubas,1,3
caliza,1,3
conversion,1,3
crisol,1,3
cubilote,1,3
olla,1,3
robot,1,3
despulpado,1,3
radiactivos,1,3
celulosa,1,3
placa,1,3
anatomia,1,3
biofisica,1,3
tisular,1,3
fisiologia,1,3
herbologia,1,3
ictiologia,1,3
serologia,1,3
herbario,1,3
sostenible,1,3
levante,1,3
engorde,1,3
azucarero,1,3
larvicultura,1,3
olericultura,1,3
pomologia,1,3
maduracion,1,3
pecuarios,1,3
rspo,1,3
roundtable,1,3
sustainable,1,3
palm,1,3
bouquetera,1,3
fertilizacion,1,3
polinizacion,1,3
viverismo,1,3
mirfe,1,3
pollo,1,3
inseminacion,1,3
cafetero,1,3
arboricultura,1,3
navegacion,1,3
toolpusher,1,3
mercante,1,3
navegables,1,3
yate,1,3
naviero,1,3
piloto,1,3
aerodeslizador,1,3
tercer,1,3
astronauta,1,3
copiloto,1,3
navegante,1,3
helicoptero,1,3
hidroavion,1,3
parqueo,1,3
sonar,1,3
parqueador,1,3
condiciones,1,3
prevuelo,1,3
rayos,1,3
escaner,1,3
radiografia,1,3
scanner,1,3
diagnosticas,1,3
densitometria,1,3
escaneo,1,3
escanografia,1,3
resonancia,1,3
magnetica,1,3
mamografia,1,3
cerebral,1,3
neurodiagnostico,1,3
tomografia,1,3
computarizada,1,3
radioterapia,1,3
fuentes,1,3
abiertas,1,3
terapeutico,1,3
gammagrafia,1,3
audiometrico,1,3
sonografo,1,3
polisomnografia,1,3
ecografista,1,3
audiometria,1,3
electroencefalografia,1,3
electrocardiografia,1,3
electroencefalografico,1,3
electrocardiografico,1,3
perfusionista,1,3
cardiovascular,1,3
ecografia,1,3
audiometricos,1,3
citohistotecnologo,1,3
citotecnologo,1,3
autopsias,1,3
sangre,1,3
citologia,1,3
histologia,1,3
inmunologia,1,3
regente,1,3
dentadurista,1,3
dentaduras,1,3
ortesista,1,3
protesista,1,3
dentales,1,3
ortopedicos,1,3
corse,1,3
ortoprotesista,1,3
ortesis,1,3
audicion,1,3
cognicion,1,3
limitacion,1,3
limitaciones,1,3
definiciencias,1,3
inscrita,1,3
principiante,1,3
huesos,1,3
naturista,1,3
reflexologo,1,3
ventosas,1,3
raspado,1,3
ancestral,1,3
chaman,1,3
curandero,1,3
herborista,1,3
sanador,1,3
drogas,1,3
inseminador,1,3
vacunador,1,3
profilaxis,1,3
sanitaria,1,3
ocularista,1,3
hidroterapia,1,3
relacionada,1,3
electroterapeuta,1,3
hidroterapeuta,1,3
ergoterapia,1,3
terapeutica,1,3
dislalias,1,3
atletico,1,3
acupresion,1,3
masaje,1,3
digitopuntura,1,3
masajeador,1,3
shiatsu,1,3
oftalmico,1,3
transfusion,1,3
consumidores,1,3
alimentaria,1,3
fabricas,1,3
coordinacion,1,3
normas,1,3
integrados,1,3
sanitarista,1,3
monitoreo,1,3
paramedicas,1,3
socorrista,1,3
ortofonia,1,3
respiratoria,1,3
tricologo,1,3
bolsa,1,3
fiducia,1,3
obligaciones,1,3
compartido,1,3
intermediario,1,3
prestamos,1,3
creditos,1,3
normalizacion,1,3
bancarios,1,3
solvencia,1,3
asegurador,1,3
hipotecas,1,3
hipotecarios,1,3
aprobar,1,3
evaluar,1,3
tramitar,1,3
acuerdos,1,3
aprobacion,1,3
revisoria,1,3
desembolsos,1,3
tenedor,1,3
siniestros,1,3
suscripcion,1,3
martillero,1,3
subastas,1,3
subasta,1,3
seguro,1,3
valuador,1,3
colectivos,1,3
reaseguros,1,3
negociador,1,3
suscriptor,1,3
postventa,1,3
comprador,1,3
materia,1,3
prima,1,3
cotizador,1,3
compra,1,3
mercaderia,1,3
futuro,1,3
consignatario,1,3
basicos,1,3
exportacion,1,3
importacion,1,3
transaccion,1,3
aduaneros,1,3
embarque,1,3
aduanero,1,3
conferencia,1,3
stage,1,3
convencion,1,3
acomodacion,1,3
acreditaciones,1,3
activaciones,1,3
patrocinios,1,3
boda,1,3
cineclub,1,3
cinema,1,3
factores,1,3
organizativos,1,3
invitados,1,3
personalidades,1,3
mando,1,3
prefiltros,1,3
protocolo,1,3
espectaculo,1,3
funciones,1,3
shows,1,3
artisticos,1,3
regidor,1,3
bodas,1,3
wedding,1,3
colocacion,1,3
contratista,1,3
inmobiliaria,1,3
booking,1,3
discograficos,1,3
agregador,1,3
bookers,1,3
cineclubista,1,3
publisher,1,3
song,1,3
plugger,1,3
tour,1,3
trade,1,3
intelectual,1,3
marcas,1,3
patente,1,3
subastador,1,3
mecanografos,1,3
hipodromo,1,3
productivos,1,3
secretarios,1,3
presentacion,1,3
captaciones,1,3
encuestadores,1,3
inbound,1,3
outbound,1,3
carteros,1,3
encomiendas,1,3
despachos,1,3
embarcadero,1,3
programadores,1,3
rodamiento,1,3
citador,1,3
sustanciador,1,3
juridica,1,3
estenografo,1,3
judicial,1,3
litigios,1,3
traspaso,1,3
bilingue,1,3
gerencia,1,3
pabellon,1,3
paciente,1,3
hospitalizacion,1,3
aforador,1,3
pasaportes,1,3
frontera,1,3
fronteras,1,3
comprobacion,1,3
pasaporte,1,3
aranceles,1,3
tributaria,1,3
fisco,1,3
desempleo,1,3
tramitacion,1,3
solicitudes,1,3
licencias,1,3
urbanistico,1,3
expedicion,1,3
licencia,1,3
detective,1,3
criminalistico,1,3
dactiloscopista,1,3
criminal,1,3
consulares,1,3
extranjeria,1,3
consular,1,3
defensa,1,3
exclusivos,1,3
listas,1,3
electorales,1,3
pesos,1,3
rifas,1,3
salario,1,3
observador,1,3
juzgado,1,3
notificador,1,3
tribunales,1,3
secuestre,1,3
privada,1,3
bufete,1,3
notaria,1,3
polizas,1,3
abogacia,1,3
tinterillo,1,3
pensionados,1,3
psiquiatricos,1,3
rehabilitador,1,3
refugio,1,3
asistencial,1,3
intervencion,1,3
caso,1,3
crisis,1,3
juventud,1,3
familiares,1,3
acolito,1,3
catequista,1,3
evangelizador,1,3
sugestion,1,3
religioso,1,3
fraile,1,3
hermano,1,3
monja,1,3
novicia,1,3
predicador,1,3
laico,1,3
seglar,1,3
salvacionista,1,3
seminarista,1,3
parroquia,1,3
ajedrecista,1,3
atleta,1,3
banderillero,1,3
basquetbolista,1,3
beisbolista,1,3
boxeador,1,3
ciclista,1,3
autos,1,3
ciclismo,1,3
deportista,1,3
esquiador,1,3
fisicoculturista,1,3
futbolista,1,3
golfista,1,3
jinete,1,3
jugador,1,3
criquet,1,3
poker,1,3
luchador,1,3
nadador,1,3
novillero,1,3
toros,1,3
rejoneador,1,3
tenista,1,3
torero,1,3
voleibolista,1,3
baloncesto,1,3
marciales,1,3
basquetbol,1,3
beisbol,1,3
boxeo,1,3
buceo,1,3
futbol,1,3
aficionado,1,3
clubes,1,3
liga,1,3
gimnasia,1,3
lucha,1,3
libre,1,3
natacion,1,3
patinaje,1,3
voleibol,1,3
ajedrez,1,3
bridge,1,3
esqui,1,3
cronometrador,1,3
cronometrista,1,3
meta,1,3
partida,1,3
aerobicos,1,3
yoga,1,3
vela,1,3
tiro,1,3
recreacionista,1,3
recreador,1,3
fotografo,1,3
foto,1,3
ilustracion,1,3
microfotografia,1,3
fotoperiodista,1,3
exhibicion,1,3
filmacion,1,3
stands,1,3
curatorial,1,3
tallerista,1,3
taxidermista,1,3
galerias,1,3
planetarios,1,3
bibliotecario,1,3
fomento,1,3
oralidad,1,3
chef,1,3
salsero,1,3
apuntador,1,3
extra,1,3
figurante,1,3
cineclubes,1,3
circulacion,1,3
divulgacion,1,3
escenicas,1,3
stunt,1,3
performer,1,3
stuntman,1,3
body,1,3
paint,1,3
tatuajes,1,3
tatuador,1,3
ambientador,1,3
ambientacion,1,3
atrilero,1,3
reflectorista,1,3
road,1,3
roadie,1,3
stagehand,1,3
texturizador,1,3
continuista,1,3
ingestador,1,3
logger,1,3
script,1,3
escenografo,1,3
vestuarista,1,3
escenotecnico,1,3
perifericos,1,3
velocidad,1,3
computadoras,1,3
usuarios,1,3
corporativo,1,3
process,1,3
outsourcing,1,3
documentador,1,3
configuraciones,1,3
webmaster,1,3
camarografo,1,3
dolly,1,3
inmersiva,1,3
dron,1,3
remota,1,3
subacuatica,1,3
steady,1,3
videotape,1,3
cintas,1,3
emisorista,1,3
master,1,3
transmisor,1,3
remoto,1,3
tape,1,3
recorder,1,3
proyeccionista,1,3
onda,1,3
corta,1,3
caracteres,1,3
trasmisorista,1,3
foco,1,3
colorizador,1,3
conformador,1,3
foquista,1,3
gaffer,1,3
iluminista,1,3
luminotecnico,1,3
proyector,1,3
teleprompter,1,3
sonidista,1,3
auditorio,1,3
assist,1,3
microfonista,1,3
boom,1,3
amplificacion,1,3
megafonia,1,3
microfono,1,3
frecuencias,1,3
rigging,1,3
sonorizacion,1,3
telefilmes,1,3
telegrafico,1,3
global,1,3
positioning,1,3
system,1,3
telegrafica,1,3
telemedida,1,3
telegrafista,1,3
reparadores,1,3
codigo,1,3
morse,1,3
radionavegante,1,3
radiotelefonista,1,3
estaciones,1,3
radiocomunicaciones,1,3
fotocopiado,1,4
radicacion,1,4
oficinista,1,4
radicador,1,4
datain,1,4
mecanografo,1,4
recepcionista,1,4
secretaria,1,4
estenotipista,1,4
estadisticas,1,4
telefax,1,4
teleimpresora,1,4
taquimecanografo,1,4
teletipista,1,4
digitalizador,1,4
sumadora,1,4
calculadora,1,4
contometro,1,4
facturadora,1,4
verificadora,1,4
tabulador,1,4
introduccion,1,4
digitador,1,4
clinicas,1,4
ventanilla,1,4
cambista,1,4
bancario,1,4
banquero,1,4
crupier,1,4
diller,1,4
escrutador,1,4
garitero,1,4
receptor,1,4
recibidor,1,4
azar,1,4
empeno,1,4
prestamista,1,4
prendario,1,4
cobranza,1,4
alquileres,1,4
deudas,1,4
donativos,1,4
facturas,1,4
check,1,4
pasajes,1,4
pasajero,1,4
counter,1,4
aerolineas,1,4
maritimas,1,4
tiqueteador,1,4
teleoperador,1,4
larga,1,4
distancia,1,4
respuesta,1,4
telefonista,1,4
taxis,1,4
huesped,1,4
guest,1,4
service,1,4
hoteleras,1,4
quejas,1,4
consultas,1,4
teleoperadora,1,4
tele,1,4
encuestador,1,4
opinion,1,4
investigaciones,1,4
encuesta,1,4
admision,1,4
hospitalarias,1,4
ingresos,1,4
hospitalarios,1,4
ingreso,1,4
elegibilidad,1,4
teneduria,1,4
tramite,1,4
facturador,1,4
rapido,1,4
pensionales,1,4
dividendos,1,4
garantias,1,4
giros,1,4
remesas,1,4
avaluo,1,4
procesado,1,4
insumos,1,4
repuestos,1,4
deposito,1,4
cargas,1,4
pedidos,1,4
almacenaje,1,4
bodeguero,1,4
kardista,1,4
enrutamiento,1,4
muelles,1,4
escolares,1,4
mochilero,1,4
itinerarios,1,4
vuelos,1,4
tarjador,1,4
flota,1,4
archivador,1,4
indices,1,4
prestamo,1,4
referencista,1,4
cartero,1,4
censo,1,4
guiones,1,4
amanuense,1,4
escribiente,1,4
notarios,1,4
duplicacion,1,4
microfilmacion,1,4
parroquial,1,4
compilacion,1,4
clasificados,1,4
resumenes,1,4
directorios,1,4
lista,1,4
direcciones,1,4
guias,1,4
repertorios,1,4
suscripciones,1,4
aeromoza,1,5
viajeros,1,5
sobrecargos,1,5
azafata,1,5
jefa,1,5
cabinera,1,5
sobrecargo,1,5
autobuses,1,5
coche,1,5
cabalgata,1,5
descubrimientos,1,5
excursiones,1,5
gira,1,5
montanismo,1,5
aventura,1,5
baquiano,1,5
campamentos,1,5
dietas,1,5
asadero,1,5
parrillero,1,5
asador,1,5
cocinera,1,5
colombiano,1,5
portador,1,5
comedor,1,5
mesero,1,5
meseros,1,5
asientos,1,5
somelier,1,5
hostess,1,5
camareros,1,5
maitre,1,5
sommelier,1,5
barman,1,5
bartender,1,5
cantinero,1,5
coctelero,1,5
tabernero,1,5
barista,1,5
cafes,1,5
expreso,1,5
barbero,1,5
cabello,1,5
peluca,1,5
peluquero,1,5
manicurista,1,5
manos,1,5
pies,1,5
pedicurista,1,5
adelgazamiento,1,5
peso,1,5
cosmetologo,1,5
esteticista,1,5
realizados,1,5
peinados,1,5
asesoria,1,5
shopper,1,5
turco,1,5
banos,1,5
sauna,1,5
piercing,1,5
piercer,1,5
camareras,1,5
aseadores,1,5
conserjeria,1,5
servidumbre,1,5
conserje,1,5
sacristan,1,5
adivinador,1,5
astrologo,1,5
cartomantico,1,5
lecturista,1,5
tarot,1,5
mentalista,1,5
numerologo,1,5
oniromantico,1,5
panelista,1,5
sensorial,1,5
pitonisa,1,5
quiromantico,1,5
vidente,1,5
caballero,1,5
criada,1,5
dama,1,5
senora,1,5
amortajador,1,5
embalsamador,1,5
tanatologo,1,5
tanatopractor,1,5
funerarios,1,5
funeraria,1,5
funeral,1,5
morgue,1,5
velacion,1,5
pompas,1,5
funebres,1,5
adiestrador,1,5
calificado,1,5
perrera,1,5
zoologico,1,5
capturador,1,5
mascotas,1,5
domador,1,5
canino,1,5
paseador,1,5
actos,1,5
gigolo,1,5
pareja,1,5
prestador,1,5
sexuales,1,5
prostituta,1,5
modelo,1,5
webcam,1,5
plaza,1,5
puestero,1,5
quiosco,1,5
mecatera,1,5
palenquera,1,5
perecederos,1,5
refrescos,1,5
fresca,1,5
abarrotero,1,5
operaria,1,5
mercaderista,1,5
ropavejero,1,5
tendero,1,5
vendedores,1,5
puerta,1,5
promotores,1,5
peajes,1,5
gasolinera,1,5
efectivo,1,5
peaje,1,5
expendio,1,5
boletas,1,5
expendedor,1,5
registradora,1,5
taquillero,1,5
maniqui,1,5
pasarela,1,5
tallaje,1,5
escultores,1,5
pintores,1,5
categoria,1,5
impulsador,1,5
demostracion,1,5
catalogo,1,5
domicilio,1,5
negociante,1,5
televentas,1,5
salientes,1,5
escrutinio,1,5
telemercaderista,1,5
televendedor,1,5
bomba,1,5
gasolina,1,5
islero,1,5
isla,1,5
ensaladas,1,5
rentas,1,5
videos,1,5
institutriz,1,5
jardinera,1,5
monitora,1,5
nana,1,5
ninera,1,5
padre,1,5
correctiva,1,5
inicial,1,5
maestros,1,5
colaborador,1,5
profesores,1,5
examenes,1,5
nacimientos,1,5
camillero,1,5
inyectologo,1,5
reposo,1,5
parto,1,5
partos,1,5
asistenciales,1,5
flebotomista,1,5
medicamentos,1,5
esterilizacion,1,5
aeroportuario,1,5
rescatista,1,5
carabinero,1,5
intendente,1,5
subcomisario,1,5
subintendente,1,5
patrullas,1,5
patrullero,1,5
patrulla,1,5
penitenciario,1,5
subinspector,1,5
carcel,1,5
recorrido,1,5
porteria,1,5
celador,1,5
escolta,1,5
guardaespaldas,1,5
feria,1,5
sereno,1,5
colegiales,1,5
guardavidas,1,5
complejos,1,5
acuaticos,1,5
playas,1,5
mares,1,5
salvavidas,1,5
surf,1,5
brigadista,1,5
guardabosque,1,5
guardabosques,1,5
guardacostas,1,5
cruce,1,5
santuario,1,5
cultivador,1,6
cebolla,1,6
cilantro,1,6
frijol,1,6
habichuela,1,6
lechuga,1,6
maiz,1,6
melon,1,6
name,1,6
pepino,1,6
perejil,1,6
pimientos,1,6
ajies,1,6
repollo,1,6
sandia,1,6
soya,1,6
tomate,1,6
tuberculos,1,6
yuca,1,6
zanahoria,1,6
transitorios,1,6
algodonero,1,6
negro,1,6
rubio,1,6
censador,1,6
organica,1,6
parcelero,1,6
trigo,1,6
regador,1,6
arbustos,1,6
aguacate,1,6
banano,1,6
durazno,1,6
frutales,1,6
limon,1,6
mandarina,1,6
mango,1,6
naranja,1,6
africana,1,6
papaya,1,6
peras,1,6
pina,1,6
aromaticas,1,6
platano,1,6
permanentes,1,6
cocos,1,6
arboricultor,1,6
caficultor,1,6
fruticultor,1,6
vinicultor,1,6
viticultor,1,6
fitosaneador,1,6
injertador,1,6
vegetativa,1,6
polinizador,1,6
rayador,1,6
sangrador,1,6
grama,1,6
flor,1,6
hongos,1,6
viveros,1,6
ornamentales,1,6
pastos,1,6
setas,1,6
champinones,1,6
floricultor,1,6
hortelano,1,6
horticultor,1,6
viverista,1,6
jardinero,1,6
atleticos,1,6
privados,1,6
enraizador,1,6
resembrador,1,6
saneador,1,6
huertas,1,6
invernaculo,1,6
mixtos,1,6
agro,1,6
policultivos,1,6
domesticos,1,6
cabras,1,6
bovino,1,6
caballar,1,6
caprino,1,6
lechero,1,6
ovino,1,6
porcino,1,6
vacuno,1,6
ovejas,1,6
porcicultor,1,6
basculero,1,6
chalan,1,6
ordeno,1,6
ceba,1,6
bovinos,1,6
caprinos,1,6
equinos,1,6
porcinos,1,6
vaquero,1,6
avicultor,1,6
granjero,1,6
galponero,1,6
sexador,1,6
pollos,1,6
apicultor,1,6
abejas,1,6
gusanos,1,6
mariposas,1,6
sericultor,1,6
apicola,1,6
salvajes,1,6
avestruces,1,6
caracoles,1,6
cocodrilos,1,6
codornices,1,6
faisanes,1,6
gansos,1,6
iguanas,1,6
patos,1,6
perdices,1,6
ranas,1,6
caporal,1,6
combina,1,6
talador,1,6
balsero,1,6
escuadrador,1,6
ganchero,1,6
hacha,1,6
motosierra,1,6
trozador,1,6
almadiero,1,6
cubicador,1,6
destajero,1,6
desmontadora,1,6
espaciadora,1,6
reforestacion,1,6
acuicultor,1,6
estanque,1,6
trucha,1,6
madreperlas,1,6
ostricultor,1,6
piscicultor,1,6
alimento,1,6
piscifactoria,1,6
litoral,1,6
marisquero,1,6
concha,1,6
almeja,1,6
cangrejo,1,6
marinas,1,6
rastreador,1,6
arponero,1,6
tunero,1,6
cazador,1,6
focas,1,6
zorros,1,6
montero,1,6
ojeador,1,6
subsistencia,1,6
mixto,1,6
adobero,1,7
contrapisonero,1,7
bahareque,1,7
viviendas,1,7
pisonero,1,7
adoquinador,1,7
refractario,1,7
mampostero,1,7
armador,1,7
armado,1,7
chimeneas,1,7
enladrillador,1,7
blanca,1,7
rejuntador,1,7
mamposteria,1,7
adornista,1,7
monumentos,1,7
amolador,1,7
labrante,1,7
dolador,1,7
estarcido,1,7
granitero,1,7
pulimentador,1,7
pedrero,1,7
picapedrero,1,7
tornero,1,7
labra,1,7
trazador,1,7
tronzador,1,7
cementista,1,7
trabajados,1,7
encofrador,1,7
enfoscador,1,7
enrejado,1,7
pavimentador,1,7
terrazas,1,7
terrazos,1,7
enfoscado,1,7
carpintero,1,7
embarcaderos,1,7
astillero,1,7
barcas,1,7
armar,1,7
decorados,1,7
ebanista,1,7
astilleros,1,7
metalico,1,7
marquesinas,1,7
vallas,1,7
andamiero,1,7
andamios,1,7
enlucidor,1,7
negra,1,7
apuntalamiento,1,7
trabajos,1,7
derribo,1,7
metodo,1,7
implosion,1,7
pocero,1,7
tejado,1,7
fijador,1,7
techo,1,7
impermeabilizador,1,7
tejados,1,7
canizo,1,7
galvanizada,1,7
sintetico,1,7
paja,1,7
tablas,1,7
ripia,1,7
teja,1,7
azulejero,1,7
embaldosador,1,7
muros,1,7
embaldosinador,1,7
enchapador,1,7
enlosador,1,7
enchapes,1,7
marmolista,1,7
pisos,1,7
vinilo,1,7
tapetes,1,7
parquetero,1,7
yeso,1,7
fibroso,1,7
escayolista,1,7
estuquista,1,7
enlistonador,1,7
estucador,1,7
listonero,1,7
panetador,1,7
revocador,1,7
yesero,1,7
estuco,1,7
pared,1,7
aislador,1,7
calderas,1,7
sonidos,1,7
aislacion,1,7
aislante,1,7
insonorizacion,1,7
aislamiento,1,7
lunas,1,7
vitrales,1,7
vidrieria,1,7
vidrieras,1,7
empalmador,1,7
conducciones,1,7
inteligentes,1,7
desague,1,7
sanitarias,1,7
fontaneria,1,7
plomero,1,7
hidrantes,1,7
rociadores,1,7
deteccion,1,7
alarma,1,7
incendio,1,7
extincion,1,7
recarga,1,7
extintores,1,7
portatiles,1,7
gasfitero,1,7
calentadores,1,7
gasodomesticos,1,7
externas,1,7
internas,1,7
termoplastica,1,7
ventiladores,1,7
empapelador,1,7
encalador,1,7
colgadura,1,7
brocha,1,7
barnizador,1,7
manufacturados,1,7
pulverizacion,1,7
esmaltador,1,7
filetero,1,7
dorador,1,7
laqueador,1,7
latonero,1,7
samblasting,1,7
tinturero,1,7
deshollinador,1,7
canon,1,7
machos,1,7
machero,1,7
fosa,1,7
soldar,1,7
cobresoldador,1,7
soplete,1,7
induccion,1,7
soldadora,1,7
laton,1,7
oxicortador,1,7
cautin,1,7
acetileno,1,7
autogena,1,7
costuras,1,7
longitudinales,1,7
inert,1,7
active,1,7
soldaduras,1,7
platina,1,7
flux,1,7
cored,1,7
sumergido,1,7
argon,1,7
oxiacetileno,1,7
fcaw,1,7
welding,1,7
gtaw,1,7
tungsten,1,7
smaw,1,7
shield,1,7
resistencia,1,7
termita,1,7
sopletista,1,7
calderero,1,7
chapista,1,7
hojalatero,1,7
carrocero,1,7
carroceria,1,7
blindaje,1,7
curvador,1,7
remachador,1,7
neumatico,1,7
replanteador,1,7
colgantes,1,7
tramoyista,1,7
chequeador,1,7
subterraneos,1,7
tendido,1,7
subterraneas,1,7
liniero,1,7
apisonador,1,7
forjador,1,7
aperos,1,7
pilon,1,7
herrador,1,7
herrero,1,7
ornamentador,1,7
ornamentista,1,7
calibradores,1,7
mandriles,1,7
troqueles,1,7
matrices,1,7
herramentista,1,7
armas,1,7
cerrajero,1,7
cerraduras,1,7
brazos,1,7
gruas,1,7
plantillas,1,7
matricero,1,7
punta,1,7
armamento,1,7
bovedas,1,7
fuertes,1,7
esmeriladora,1,7
mandriladora,1,7
rectificadora,1,7
laminas,1,7
fresador,1,7
mandrilador,1,7
cizalla,1,7
escopleadora,1,7
brilladora,1,7
acunacion,1,7
agujas,1,7
clavos,1,7
tornillos,1,7
tuercas,1,7
multiple,1,7
dobladora,1,7
lapidadora,1,7
oxicortadora,1,7
ranuradora,1,7
remachadora,1,7
tallar,1,7
engranajes,1,7
transferencia,1,7
martinete,1,7
fragua,1,7
vertical,1,7
roscadora,1,7
automatico,1,7
revolver,1,7
universal,1,7
embutir,1,7
troquelista,1,7
afilador,1,7
cuchilleria,1,7
cortantes,1,7
muela,1,7
afilar,1,7
laboreo,1,7
maquinado,1,7
sierras,1,7
aguzador,1,7
brillador,1,7
brunidor,1,7
granallador,1,7
sandblastero,1,7
sincronizador,1,7
alineacion,1,7
balanceo,1,7
suspension,1,7
motocars,1,7
motocicletas,1,7
radiadores,1,7
rickshaw,1,7
livianos,1,7
ciclomotores,1,7
turbo,1,7
alimentadores,1,7
aleron,1,7
pista,1,7
aterrizaje,1,7
cohete,1,7
aeronauticos,1,7
fuselaje,1,7
motopropulsor,1,7
fuselajes,1,7
helices,1,7
gobernadores,1,7
helicopteros,1,7
fijas,1,7
lubricador,1,7
estacionarias,1,7
convencional,1,7
ajuste,1,7
ingenio,1,7
escribir,1,7
continuas,1,7
hilar,1,7
hiladoras,1,7
toberas,1,7
manuares,1,7
tintoreria,1,7
domesticas,1,7
urdidoras,1,7
cardadoras,1,7
aceitador,1,7
motorista,1,7
cochecitos,1,7
nino,1,7
silla,1,7
ruedas,1,7
balanzas,1,7
calibrador,1,7
quirurgicos,1,7
relojeria,1,7
relojero,1,7
opticos,1,7
frotada,1,7
pulsada,1,7
organo,1,7
luthier,1,7
organero,1,7
fuelles,1,7
organos,1,7
alfarero,1,7
ceramista,1,7
artesanal,1,7
calador,1,7
modelos,1,7
vaciador,1,7
bordes,1,7
biselador,1,7
soplador,1,7
mosaico,1,7
vitrofusion,1,7
vitralista,1,7
aguafuertista,1,7
azogador,1,7
calcador,1,7
esmerilador,1,7
estampador,1,7
fuerte,1,7
pantografo,1,7
iluminador,1,7
laquista,1,7
litografo,1,7
marcacion,1,7
letreros,1,7
rotulos,1,7
polichador,1,7
paquete,1,7
cajista,1,7
compaginador,1,7
clisador,1,7
galvanotipia,1,7
fotograbador,1,7
fotocomposicion,1,7
estereotipista,1,7
fotocompositor,1,7
fotolitografo,1,7
fotomecanico,1,7
declises,1,7
huecograbado,1,7
litograbador,1,7
punteado,1,7
fotopolimero,1,7
litografica,1,7
fototipia,1,7
fotomecanica,1,7
preprensado,1,7
preprensa,1,7
pantografista,1,7
planchista,1,7
cilindro,1,7
clises,1,7
tamigrafia,1,7
silk,1,7
screen,1,7
grabados,1,7
fundidora,1,7
tipos,1,7
tipografia,1,7
linotipia,1,7
fotolitograbador,1,7
monotipia,1,7
sueltos,1,7
linotipista,1,7
monotipista,1,7
tipografica,1,7
tipografo,1,7
plancha,1,7
serigrafia,1,7
flexografico,1,7
multilith,1,7
flexografica,1,7
offset,1,7
fotocopiadora,1,7
cilindrica,1,7
papeles,1,7
pintados,1,7
rotograbado,1,7
estampacion,1,7
estarcidores,1,7
sericigrafia,1,7
rotograbadora,1,7
flexograficas,1,7
encuadernador,1,7
hoja,1,7
acopladora,1,7
alzadora,1,7
encuadernadora,1,7
rustica,1,7
grapadora,1,7
guillotinadora,1,7
multiencuadernadora,1,7
guillotina,1,7
recortador,1,7
repujador,1,7
batidor,1,7
cardador,1,7
desfibrador,1,7
lino,1,7
yute,1,7
desmotador,1,7
emborrador,1,7
napador,1,7
cintura,1,7
torcedor,1,7
anudador,1,7
nudo,1,7
hilandero,1,7
ganchillero,1,7
mallero,1,7
redero,1,7
anudado,1,7
aplicador,1,7
fieltrador,1,7
ripiador,1,7
despepitador,1,7
chaquira,1,7
bolillos,1,7
abalorios,1,7
frivolite,1,7
macrame,1,7
bordado,1,7
trenza,1,7
fique,1,7
mimbrero,1,7
bejucos,1,7
canas,1,7
cortezas,1,7
mimbre,1,7
palmas,1,7
trenzador,1,7
brucero,1,7
cestero,1,7
entrencillador,1,7
escobero,1,7
brochas,1,7
capazos,1,7
junco,1,7
esparto,1,7
sombrero,1,7
tintes,1,7
cestos,1,7
despuchador,1,7
esterillador,1,7
estufador,1,7
hormador,1,7
sombrerero,1,7
tejidas,1,7
artesanales,1,7
tafiletero,1,7
apretador,1,7
maderable,1,7
maderas,1,7
hojillador,1,7
incrustador,1,7
marquetero,1,7
maderables,1,7
barniz,1,7
taracero,1,7
filigranero,1,7
batihoja,1,7
cerista,1,7
cincelador,1,7
elaborador,1,7
engastador,1,7
preciosas,1,7
preciosos,1,7
joyero,1,7
taladrista,1,7
ceras,1,7
esmeraldas,1,7
tallista,1,7
trefilador,1,7
orfebre,1,7
platero,1,7
martillador,1,7
nobles,1,7
precioso,1,7
orfebreria,1,7
bisuteria,1,7
bisutero,1,7
semipreciosas,1,7
fantasia,1,7
preforma,1,7
marroquinero,1,7
talabartero,1,7
cartapesta,1,7
papelero,1,7
burilador,1,7
bronce,1,7
frutos,1,7
totumo,1,7
tagua,1,7
marfil,1,7
liticos,1,7
arreglos,1,7
florales,1,7
cerero,1,7
cuerno,1,7
pezuna,1,7
silletas,1,7
mixtas,1,7
reciclados,1,7
reutilizados,1,7
telas,1,7
enmarcador,1,7
cuadros,1,7
munequero,1,7
jabones,1,7
plato,1,7
centrales,1,7
similares,1,7
aspiradoras,1,7
brilladoras,1,7
estufas,1,7
inyectoras,1,7
escaneador,1,7
inalambrico,1,7
ascensores,1,7
dinamos,1,7
escaleras,1,7
automaticas,1,7
avionica,1,7
tragamonedas,1,7
fotocopiadoras,1,7
antenas,1,7
telecomunicacion,1,7
antena,1,7
satelital,1,7
satelitales,1,7
inalambricas,1,7
conexiones,1,7
electronicista,1,7
radiotelefono,1,7
telefonicos,1,7
periferico,1,7
radiocomunicacion,1,7
telefonia,1,7
acecinador,1,7
arreglador,1,7
butifarrero,1,7
carnicero,1,7
matarife,1,7
chacinero,1,7
jamones,1,7
desollador,1,7
despostador,1,7
embutidor,1,7
reses,1,7
carniceria,1,7
descabezado,1,7
pelado,1,7
desvenado,1,7
escamado,1,7
eviscerado,1,7
fileteo,1,7
camaron,1,7
sacrificio,1,7
pelador,1,7
embutidos,1,7
puntillero,1,7
mataderos,1,7
jamon,1,7
salazonero,1,7
salchichero,1,7
eviscerador,1,7
artesana,1,7
amasijos,1,7
chocolate,1,7
bizcochero,1,7
chocolatero,1,7
confitero,1,7
dulcera,1,7
galletero,1,7
galletas,1,7
levadura,1,7
panadero,1,7
pizzero,1,7
repostero,1,7
almibares,1,7
mermeladas,1,7
panela,1,7
arrumador,1,7
atizador,1,7
bagazero,1,7
brequero,1,7
ramada,1,7
canatero,1,7
coquero,1,7
cuatrero,1,7
descachazador,1,7
gaverero,1,7
guarapero,1,7
hornillero,1,7
melador,1,7
melero,1,7
mete,1,7
moldero,1,7
moledor,1,7
molendero,1,7
moliendero,1,7
platillero,1,7
prensero,1,7
punteador,1,7
trapichero,1,7
mantequillero,1,7
quesos,1,7
quesero,1,7
alambiquera,1,7
almazarero,1,7
chichera,1,7
encurtidos,1,7
mermelada,1,7
encurtidora,1,7
nequera,1,7
chutney,1,7
zumos,1,7
preservador,1,7
tapetucera,1,7
concentrados,1,7
vichero,1,7
catador,1,7
cereal,1,7
degustador,1,7
aromatizador,1,7
cigarrero,1,7
cigarros,1,7
despalillador,1,7
desvenador,1,7
enfriador,1,7
fabricador,1,7
humectador,1,7
vena,1,7
ligador,1,7
picado,1,7
oreador,1,7
picadura,1,7
pipa,1,7
refrescador,1,7
rape,1,7
tabaquero,1,7
impregnador,1,7
inmunizador,1,7
impregnadora,1,7
secadores,1,7
incisiones,1,7
chapeador,1,7
ataudes,1,7
marqueteria,1,7
esqueletero,1,7
mueblista,1,7
lijado,1,7
espigas,1,7
taraceador,1,7
tonelero,1,7
marcadora,1,7
molduradora,1,7
bastidor,1,7
caladora,1,7
sastreria,1,7
chizguera,1,7
combinador,1,7
carpas,1,7
toldos,1,7
lencera,1,7
costurera,1,7
modisto,1,7
pantalonero,1,7
peletero,1,7
sastre,1,7
peleteria,1,7
tapicero,1,7
guantes,1,7
velamenes,1,7
extendedor,1,7
trazado,1,7
trazo,1,7
lenceria,1,7
manualidades,1,7
paraguero,1,7
pasamanero,1,7
remendador,1,7
colchonero,1,7
edredones,1,7
adobador,1,7
alisador,1,7
curtidor,1,7
depilador,1,7
descarnador,1,7
estirador,1,7
hendedor,1,7
igualador,1,7
pelo,1,7
pelambrero,1,7
pellejero,1,7
rasurador,1,7
rebanador,1,7
sobador,1,7
suavizador,1,7
entintado,1,7
guarnicion,1,7
zapateria,1,7
emplantillador,1,7
guarnecedor,1,7
hormero,1,7
capellada,1,7
zapatero,1,7
medida,1,7
remendero,1,7
rescate,1,7
esponjas,1,7
ostras,1,7
rana,1,7
submarino,1,7
barrenero,1,7
cargapozo,1,7
dinamitero,1,7
polvora,1,7
barrenador,1,7
polvorista,1,7
shooter,1,7
lanas,1,7
manufacturacion,1,7
revisador,1,7
aserrada,1,7
chapada,1,7
procesada,1,7
bateria,1,7
bombillas,1,7
excluyendo,1,7
fungicida,1,7
malas,1,7
desratizador,1,7
exterminador,1,7
pirotecnico,1,7
avance,1,8
socavon,1,8
subsuelo,1,8
ademador,1,8
canastero,1,8
desentibador,1,8
enganchador,1,8
vagonetas,1,8
entibador,1,8
trituradora,1,8
tolvas,1,8
transportadora,1,8
mineral,1,8
trituracion,1,8
saca,1,8
tolvero,1,8
dragalina,1,8
arrastre,1,8
excavadora,1,8
arranque,1,8
continuo,1,8
rozadora,1,8
continua,1,8
pala,1,8
cargadora,1,8
jumbo,1,8
moto,1,8
traillas,1,8
motoniveladoras,1,8
cargadores,1,8
tanqueros,1,8
llantas,1,8
orugas,1,8
apurador,1,8
cribador,1,8
estriador,1,8
machacador,1,8
molibdeno,1,8
solera,1,8
rocas,1,8
precipitacion,1,8
plata,1,8
aserradora,1,8
cono,1,8
cianuracion,1,8
cribas,1,8
molino,1,8
triturar,1,8
granuladora,1,8
machacadora,1,8
pellets,1,8
prensadora,1,8
quebrantadora,1,8
tamizadora,1,8
magnetico,1,8
briquetas,1,8
excavador,1,8
agujeros,1,8
sondeos,1,8
petroleros,1,8
manilero,1,8
direccional,1,8
sondistas,1,8
sondista,1,8
taladrero,1,8
aljibes,1,8
chequeapozo,1,8
electrosumergible,1,8
llave,1,8
tecnologicos,1,8
pajarita,1,8
retro,1,8
orugada,1,8
tolva,1,8
recogemuestras,1,8
canolero,1,8
drill,1,8
stem,1,8
test,1,8
cunero,1,8
workover,1,8
encuellador,1,8
torrero,1,8
extrusor,1,8
bloques,1,8
prevaciado,1,8
hormigonera,1,8
mosaicos,1,8
amianto,1,8
prefabricados,1,8
aglomerados,1,8
esculturas,1,8
elaborar,1,8
fabricar,1,8
esmeril,1,8
muelas,1,8
asbestos,1,8
cuchara,1,8
estiradora,1,8
pudelar,1,8
recocido,1,8
templado,1,8
caliente,1,8
cilindricos,1,8
centrifugadora,1,8
corrugadora,1,8
varillas,1,8
colar,1,8
malla,1,8
estirado,1,8
extrusora,1,8
balas,1,8
sinterizado,1,8
trefiladora,1,8
freno,1,8
punzadora,1,8
arenas,1,8
recocedor,1,8
templador,1,8
revenido,1,8
anodizador,1,8
cromador,1,8
decapador,1,8
desengrasador,1,8
electroplateador,1,8
galvanizador,1,8
metalizador,1,8
niquelador,1,8
enchapado,1,8
galvanoplastia,1,8
hojalata,1,8
galvanizadora,1,8
recubridora,1,8
alambres,1,8
recubrimientos,1,8
pavonador,1,8
plateador,1,8
revestidor,1,8
glicerina,1,8
perfumes,1,8
esencias,1,8
pirotecnicos,1,8
municiones,1,8
perfumeria,1,8
trementina,1,8
calcinadora,1,8
coqueria,1,8
abonos,1,8
tambor,1,8
giratorio,1,8
coque,1,8
retorta,1,8
compactacion,1,8
latex,1,8
capsuladora,1,8
cerillas,1,8
fosforos,1,8
cirios,1,8
pirotecnia,1,8
encapsuladora,1,8
evaporadora,1,8
moledora,1,8
marmita,1,8
deshidratacion,1,8
acidos,1,8
cloro,1,8
hidrogeno,1,8
barnices,1,8
mezcladores,1,8
deshidratador,1,8
tostador,1,8
autotanques,1,8
centros,1,8
compresion,1,8
descompresion,1,8
llenado,1,8
halogeno,1,8
llenadora,1,8
trasiego,1,8
fotografica,1,8
ampliacion,1,8
fotografias,1,8
placas,1,8
revelado,1,8
revelador,1,8
negativos,1,8
copias,1,8
oscuro,1,8
calandrador,1,8
calandra,1,8
calandria,1,8
amasadora,1,8
mangueras,1,8
vulcanizacion,1,8
lustradora,1,8
recauchutadora,1,8
reencauchadora,1,8
reencauche,1,8
moldear,1,8
disco,1,8
goma,1,8
vulcanizador,1,8
recubrimiento,1,8
pigmentado,1,8
amoladora,1,8
bolsas,1,8
celofan,1,8
selladora,1,8
sopladora,1,8
termoformadora,1,8
funda,1,8
fonograficos,1,8
rebobinado,1,8
refilado,1,8
insertado,1,8
remachado,1,8
peletizado,1,8
sobres,1,8
cortar,1,8
plegar,1,8
forradora,1,8
devanador,1,8
encanillador,1,8
abridora,1,8
engomadora,1,8
acondicionadora,1,8
bobinadora,1,8
hilo,1,8
hilaza,1,8
combinadora,1,8
hilado,1,8
mechera,1,8
fino,1,8
rotores,1,8
devanadora,1,8
troquilones,1,8
napadora,1,8
mechas,1,8
peinadora,1,8
retorcedora,1,8
reunidora,1,8
ovillador,1,8
plegador,1,8
enlazador,1,8
cartones,1,8
enrolladora,1,8
bordadora,1,8
mallas,1,8
panos,1,8
tejedora,1,8
urdido,1,8
ganchillera,1,8
pasadora,1,8
encajes,1,8
genero,1,8
urdidora,1,8
tejedoras,1,8
urdidor,1,8
acolchador,1,8
empretinador,1,8
fileteadora,1,8
basteadora,1,8
acolchado,1,8
bordar,1,8
collarin,1,8
dobladilladora,1,8
ojaladora,1,8
plana,1,8
zigzadora,1,8
femenina,1,8
apliques,1,8
blanqueado,1,8
blanqueadora,1,8
satinadora,1,8
desgaste,1,8
blanqueamiento,1,8
texturizado,1,8
tintura,1,8
desgomadora,1,8
encogedora,1,8
impermeabilizadora,1,8
polimerizador,1,8
tundidor,1,8
adobadora,1,8
curtiduria,1,8
curtido,1,8
depilacion,1,8
descarne,1,8
zurrado,1,8
igualacion,1,8
pelambres,1,8
desvenadora,1,8
templadora,1,8
rodillo,1,8
partes,1,8
desbastador,1,8
puntas,1,8
desbastadora,1,8
pegadora,1,8
ribeteadora,1,8
prearmado,1,8
vulcanizado,1,8
vira,1,8
desmanchador,1,8
adornador,1,8
colchones,1,8
conos,1,8
fieltro,1,8
pasamaneria,1,8
sombrereros,1,8
campana,1,8
sombrereria,1,8
trenzado,1,8
trapo,1,8
cervecero,1,8
cocedor,1,8
malta,1,8
descascarador,1,8
desecador,1,8
deshuesador,1,8
desvicerador,1,8
hidrogenador,1,8
aceites,1,8
grasas,1,8
margarinero,1,8
cerveceria,1,8
vacio,1,8
alcoholicas,1,8
descerezadora,1,8
desdobladora,1,8
despulpadora,1,8
difusora,1,8
carbonatacion,1,8
cristalizacion,1,8
evaporacion,1,8
extractos,1,8
germinacion,1,8
malteado,1,8
hidrogenacion,1,8
horneo,1,8
masa,1,8
harina,1,8
cascara,1,8
congeladora,1,8
conservadora,1,8
coccion,1,8
chocolates,1,8
polvo,1,8
vinagres,1,8
helado,1,8
interesterificacion,1,8
pasteurizacion,1,8
descortezadora,1,8
deshidratadora,1,8
despalilladora,1,8
electrolisis,1,8
embotelladora,1,8
enlatadora,1,8
esterilizadora,1,8
procesadas,1,8
malteadora,1,8
oleaginosas,1,8
alcohol,1,8
picadora,1,8
margarina,1,8
tostadora,1,8
etiquetado,1,8
enzimatica,1,8
tacho,1,8
soluble,1,8
arepas,1,8
queso,1,8
trillador,1,8
vinagrero,1,8
glaseado,1,8
satinado,1,8
terminacion,1,8
parafinadora,1,8
satinador,1,8
digestor,1,8
astilladora,1,8
refino,1,8
desfibradora,1,8
lejiadora,1,8
blanqueo,1,8
repulper,1,8
arrastrador,1,8
aglomerado,1,8
contrachapada,1,8
encolado,1,8
contrachapado,1,8
intercaladora,1,8
planeadora,1,8
sinfin,1,8
trompo,1,8
temple,1,8
arenado,1,8
mezclado,1,8
prensado,1,8
plano,1,8
rebanadora,1,8
estampar,1,8
tunel,1,8
ladrillo,1,8
macerador,1,8
abizcochada,1,8
vidriar,1,8
esmaltado,1,8
abrasivos,1,8
barbotin,1,8
frita,1,8
esmalte,1,8
pintar,1,8
moldeado,1,8
lechada,1,8
tejero,1,8
calderista,1,8
fijos,1,8
estacionaria,1,8
embaladora,1,8
enfardadora,1,8
envolvedora,1,8
etiquetadora,1,8
ampolletas,1,8
capsulas,1,8
rotuladora,1,8
monoboyas,1,8
portalonero,1,8
lapices,1,8
patines,1,8
sombrillas,1,8
paraguas,1,8
chips,1,8
silicio,1,8
empalmadora,1,8
cremas,1,8
paletizadora,1,8
aeronauticas,1,8
cortadoras,1,8
expendedoras,1,8
mecanismos,1,8
veleros,1,8
condensadores,1,8
tableros,1,8
tarjetas,1,8
microelectronicos,1,8
desensamble,1,8
armaduras,1,8
bobina,1,8
bujias,1,8
microelectronica,1,8
electromecanicos,1,8
interruptores,1,8
lamparas,1,8
refrigeradores,1,8
televisores,1,8
neon,1,8
bobinado,1,8
cargado,1,8
bombillos,1,8
termos,1,8
lanchas,1,8
mesas,1,8
monturas,1,8
gafas,1,8
persianas,1,8
plumas,1,8
boligrafos,1,8
escritorios,1,8
ensambladora,1,8
calafatero,1,8
metropolitano,1,8
maniobras,1,8
esclusas,1,8
vagones,1,8
frenero,1,8
guardafreno,1,8
guardafrenos,1,8
guardagujas,1,8
guardalineas,1,8
enganche,1,8
motocicleta,1,8
mototaxi,1,8
motociclista,1,8
chofer,1,8
automovil,1,8
camioneta,1,8
blindado,1,8
carroza,1,8
furgon,1,8
furgoneta,1,8
pick,1,8
liviano,1,8
estacionador,1,8
valet,1,8
taxi,1,8
taxista,1,8
autobus,1,8
autocar,1,8
buseta,1,8
colectivo,1,8
metro,1,8
microbus,1,8
colegial,1,8
trasmilenio,1,8
intermunicipal,1,8
articulado,1,8
biarticulado,1,8
camionero,1,8
remolque,1,8
tonelaje,1,8
lanzadera,1,8
volquete,1,8
troque,1,8
tractomula,1,8
volqueta,1,8
barredora,1,8
mulero,1,8
volquetero,1,8
tractorista,1,8
combinada,1,8
cosechadora,1,8
escarificacion,1,8
desmotadora,1,8
taladora,1,8
segadora,1,8
sembradora,1,8
tractor,1,8
canero,1,8
trilladora,1,8
buldozero,1,8
petrolizacion,1,8
niveladora,1,8
cuchilla,1,8
frontal,1,8
apisonadora,1,8
aplanadora,1,8
asfaltadora,1,8
bulldozer,1,8
compactadora,1,8
esparcidor,1,8
esparcidora,1,8
explanadora,1,8
motoniveladora,1,8
pavimentadora,1,8
retroexcavadora,1,8
zanjadora,1,8
cangilones,1,8
alquitran,1,8
scraper,1,8
rellenadora,1,8
jaula,1,8
cabrestante,1,8
elevador,1,8
cabria,1,8
canasta,1,8
elevadora,1,8
graneles,1,8
esclusa,1,8
aguilon,1,8
elevadiza,1,8
flotante,1,8
locomovil,1,8
multiproposito,1,8
portico,1,8
manlift,1,8
levadizo,1,8
telecabina,1,8
telesilla,1,8
vagon,1,8
wincher,1,8
portacontenedores,1,8
winche,1,8
winchero,1,8
carretilla,1,8
horquilla,1,8
telehandler,1,8
dragador,1,8
faro,1,8
barcaza,1,8
cablero,1,8
timonel,1,8
transbordador,1,8
pasabarco,1,8
pasacable,1,8
remolcador,1,8
timonero,1,8
barquero,1,8
batelero,1,8
bote,1,8
piragua,1,8
lanchero,1,8
lancha,1,8
charter,1,8
voladora,1,8
chalupero,1,8
criado,1,9
empleada,1,9
hogares,1,9
mucamo,1,9
sirviente,1,9
talleres,1,9
comunes,1,9
sanitizacion,1,9
camarera,1,9
oficinas,1,9
mucama,1,9
desinfeccion,1,9
almidonador,1,9
lavandero,1,9
planchador,1,9
houseman,1,9
cunetas,1,9
graffitis,1,9
torres,1,9
piscinero,1,9
alzador,1,9
bagacero,1,9
bracero,1,9
colero,1,9
cortero,1,9
cosechador,1,9
cosechero,1,9
cuadrillero,1,9
descuajador,1,9
estaquillador,1,9
garruchero,1,9
jornalero,1,9
obrero,1,9
mazorca,1,9
labranza,1,9
peon,1,9
puyero,1,9
sembrador,1,9
surquero,1,9
beneficiador,1,9
yuguero,1,9
yuntero,1,9
carguero,1,9
arriero,1,9
caballeriza,1,9
establos,1,9
boyero,1,9
caballerizo,1,9
palafrenero,1,9
cuidandero,1,9
gusano,1,9
huevos,1,9
guadanador,1,9
prado,1,9
hachador,1,9
lenador,1,9
plantador,1,9
arbol,1,9
trasplantador,1,9
trepador,1,9
ahoyador,1,9
cochero,1,9
guaquero,1,9
guardalamparas,1,9
lampistero,1,9
frentero,1,9
malacatero,1,9
raso,1,9
carrileras,1,9
aceitero,1,9
sandblasting,1,9
planillero,1,9
pavimento,1,9
cavador,1,9
zanjas,1,9
acequias,1,9
cavero,1,9
desbrozador,1,9
represas,1,9
ferreas,1,9
balasto,1,9
senalizador,1,9
portaprisma,1,9
sepulturas,1,9
funerario,1,9
exhumacion,1,9
inhumacion,1,9
tumbas,1,9
sepulturero,1,9
artesas,1,9
embalador,1,9
embotellador,1,9
envasador,1,9
etiquetador,1,9
etiqueteador,1,9
rotulador,1,9
nutricional,1,9
metalisteria,1,9
paileria,1,9
vertimiento,1,9
lijador,1,9
conservera,1,9
vinicola,1,9
cervecera,1,9
pacas,1,9
desperdicios,1,9
fusionador,1,9
filamentos,1,9
repases,1,9
pasahebras,1,9
broches,1,9
surtidor,1,9
talqueador,1,9
carreta,1,9
pedal,1,9
velocipedo,1,9
motorizada,1,9
zorrero,1,9
macho,1,9
descargador,1,9
estibador,1,9
estrobador,1,9
maletero,1,9
descarga,1,9
manejador,1,9
tanqueador,1,9
tanquero,1,9
equipaje,1,9
trasteos,1,9
carpero,1,9
cotero,1,9
mudanzas,1,9
surtido,1,9
rellenador,1,9
estanterias,1,9
supermercados,1,9
reponedor,1,9
estanteria,1,9
rapidas,1,9
platos,1,9
rapidos,1,9
hamburguesas,1,9
fritas,1,9
pizzas,1,9
despensa,1,9
utensilios,1,9
lavaplatos,1,9
steward,1,9
folletos,1,9
embolador,1,9
limpiabotas,1,9
lustrabotas,1,9
lustrador,1,9
zapatos,1,9
recadero,1,9
gratuita,1,9
propaganda,1,9
buhonero,1,9
lotero,1,9
voceador,1,9
basurero,1,9
cartonero,1,9
reciclador,1,9
reciclaje,1,9
oficio,1,9
chatarrero,1,9
chatarra,1,9
barrendero,1,9
escobita,1,9
rastrillador,1,9
ascensorista,1,9
ascensor,1,9
equipajero,1,9
mandadero,1,9
domicilios,1,9
transportes,1,9
oficios,1,9
disponible,1,9
servir,1,9
polivalente,1,9
sencillas,1,9
acarreador,1,9
lena,1,9
monedas,1,9
vehicular,1,9
bolera,1,9
boleador,1,9
tenis,1,9
caddie,1,9
pelotas,1,9
llantero,1,9
montallantas,1,9
montallantero,1,9
estacionamiento,1,9
parqueadero,1,9
